GROUP,PACKAGE,CLASS,INSTRUCTION_MISSED,INSTRUCTION_COVERED,BRANCH_MISSED,BRANCH_COVERED,LINE_MISSED,LINE_COVERED,COMPLEXITY_MISSED,COMPLEXITY_COVERED,METHOD_MISSED,METHOD_COVERED
zuoshen,chapter1.page32,Num,120,0,22,0,26,0,13,0,2,0
zuoshen,chapter1.page9,Cat,0,4,0,0,0,2,0,1,0,1
zuoshen,chapter1.page9,DogCatQueue,46,144,11,11,9,20,9,10,0,8
zuoshen,chapter1.page9,Pet,4,9,0,0,2,4,1,2,1,2
zuoshen,chapter1.page9,Dog,0,4,0,0,0,2,0,1,0,1
zuoshen,chapter1.page9,PetEnterQueue,4,15,0,0,1,6,1,3,1,3
zuoshen,chapter1.page7,TwoStackQueue,0,90,0,16,0,18,0,12,0,4
zuoshen,chapter1.page3,Mystack2,0,85,0,8,0,18,0,8,0,4
zuoshen,chapter1.page3,Mystack1,0,81,0,10,0,19,0,9,0,4
